critic,audience,criticNum,audienceNum,date,film
33%,Coming,24,User Ratings: Not yet available,2021-01-13,The Marksman
37%,Coming,27,User Ratings: Not yet available,2021-01-14,The Marksman
31%,88%,51,41,2021-01-16,The Marksman
31%,88%,51,41,2021-01-18,The Marksman
31%,88%,51,41,2021-01-19,The Marksman
31%,88%,51,41,2021-01-20,The Marksman
31%,88%,51,41,2021-01-21,The Marksman
31%,88%,51,41,2021-01-22,The Marksman
31%,88%,51,41,2021-01-23,The Marksman
31%,88%,51,41,2021-01-24,The Marksman
31%,88%,51,41,2021-01-25,The Marksman
34,86,74 Reviews,250+ Ratings,2021-01-26,The Marksman
34,86,74 Reviews,250+ Ratings,2021-01-27,The Marksman
34,86,74 Reviews,250+ Ratings,2021-01-28,The Marksman
34,86,74 Reviews,250+ Ratings,2021-01-29,The Marksman
34,86,74 Reviews,250+ Ratings,2021-01-30,The Marksman
34,86,74 Reviews,250+ Ratings,2021-01-31,The Marksman
34,86,74 Reviews,250+ Ratings,2021-02-01,The Marksman
34,86,74 Reviews,250+ Ratings,2021-02-02,The Marksman
34,86,74 Reviews,250+ Ratings,2021-02-03,The Marksman
34,86,74 Reviews,250+ Ratings,2021-02-04,The Marksman
34,86,74 Reviews,250+ Ratings,2021-02-05,The Marksman
67%,53%,122,User Ratings: 445,2020-05-27,Lovebirds
67%,53%,122,User Ratings: 445,2020-05-28,Lovebirds
66%,52%,133,User Ratings: 520,2020-05-29,Lovebirds
66%,52%,133,User Ratings: 520,2020-05-30,Lovebirds
66%,52%,133,User Ratings: 583,2020-05-31,Lovebirds
66%,51%,134,User Ratings: 591,2020-06-01,Lovebirds
66%,51%,135,User Ratings: 607,2020-06-02,Lovebirds
66%,51%,135,User Ratings: 607,2020-06-03,Lovebirds
66%,51%,135,User Ratings: 607,2020-06-04,Lovebirds
66%,51%,141,User Ratings: 657,2020-06-05,Lovebirds
66%,51%,141,User Ratings: 657,2020-06-06,Lovebirds
66%,51%,141,User Ratings: 657,2020-06-07,Lovebirds
65%,51%,142,User Ratings: 685,2020-06-08,Lovebirds
65%,51%,142,User Ratings: 685,2020-06-10,Lovebirds
65%,51%,142,User Ratings: 685,2020-06-11,Lovebirds
66%,51%,148,User Ratings: 718,2020-06-12,Lovebirds
66%,51%,148,User Ratings: 718,2020-06-13,Lovebirds
66%,51%,148,User Ratings: 718,2020-06-14,Lovebirds
66%,51%,148,User Ratings: 718,2020-06-16,Lovebirds
66%,51%,152,User Ratings: 743,2020-06-17,Lovebirds
66%,51%,152,User Ratings: 743,2020-06-19,Lovebirds
66%,51%,152,User Ratings: 743,2020-06-20,Lovebirds
66%,51%,152,User Ratings: 743,2020-06-21,Lovebirds
66%,51%,152,User Ratings: 743,2020-06-22,Lovebirds
65%,51%,159,User Ratings: 796,2020-06-24,Lovebirds
65%,51%,159,User Ratings: 796,2020-06-25,Lovebirds
65%,51%,159,User Ratings: 796,2020-06-26,Lovebirds
65%,51%,159,User Ratings: 796,2020-06-27,Lovebirds
65%,51%,159,User Ratings: 796,2020-06-28,Lovebirds
65%,51%,159,User Ratings: 796,2020-06-30,Lovebirds
65%,51%,159,User Ratings: 796,2020-07-03,Lovebirds
65%,51%,159,User Ratings: 796,2020-07-06,Lovebirds
65%,51%,159,User Ratings: 796,2020-07-07,Lovebirds
66%,51%,163,User Ratings: 871,2020-07-11,Lovebirds
66%,51%,163,User Ratings: 871,2020-07-12,Lovebirds
66%,51%,163,User Ratings: 871,2020-07-13,Lovebirds
66%,51%,163,User Ratings: 871,2020-07-15,Lovebirds
66%,51%,163,User Ratings: 871,2020-07-16,Lovebirds
66%,51%,163,User Ratings: 871,2020-07-17,Lovebirds
66%,51%,163,User Ratings: 871,2020-07-18,Lovebirds
66%,51%,163,User Ratings: 871,2020-07-19,Lovebirds
66%,51%,163,User Ratings: 871,2020-07-20,Lovebirds
66%,51%,163,User Ratings: 871,2020-07-21,Lovebirds
66%,51%,163,User Ratings: 871,2020-07-24,Lovebirds
65%,50%,165,User Ratings: 884,2020-07-31,Lovebirds
65%,50%,165,User Ratings: 884,2020-08-01,Lovebirds
65%,50%,165,User Ratings: 884,2020-08-03,Lovebirds
65%,50%,165,User Ratings: 884,2020-08-04,Lovebirds
65%,50%,165,User Ratings: 884,2020-08-06,Lovebirds
65%,50%,165,User Ratings: 884,2020-08-07,Lovebirds
65%,50%,165,User Ratings: 884,2020-08-08,Lovebirds
65%,50%,165,User Ratings: 884,2020-08-09,Lovebirds
65%,50%,165,User Ratings: 884,2020-08-10,Lovebirds
65%,51%,165,User Ratings: 899,2020-08-11,Lovebirds
65%,51%,165,User Ratings: 899,2020-08-12,Lovebirds
65%,51%,165,User Ratings: 899,2020-08-13,Lovebirds
65%,51%,165,User Ratings: 899,2020-08-15,Lovebirds
65%,51%,165,User Ratings: 899,2020-08-16,Lovebirds
65%,51%,165,User Ratings: 899,2020-08-18,Lovebirds
65%,51%,165,User Ratings: 899,2020-08-19,Lovebirds
65%,50%,167,User Ratings: 910,2020-09-11,Lovebirds
65%,50%,167,User Ratings: 910,2020-09-12,Lovebirds
65%,50%,167,User Ratings: 910,2020-09-14,Lovebirds
65%,50%,167,User Ratings: 910,2020-09-16,Lovebirds
65%,50%,167,User Ratings: 912,2020-09-17,Lovebirds
65%,50%,167,User Ratings: 912,2020-09-19,Lovebirds
65%,50%,167,User Ratings: 912,2020-09-20,Lovebirds
65%,50%,167,User Ratings: 912,2020-09-22,Lovebirds
65%,50%,167,User Ratings: 912,2020-09-23,Lovebirds
65%,50%,167,User Ratings: 912,2020-09-24,Lovebirds
65%,50%,167,User Ratings: 912,2020-09-27,Lovebirds
65%,50%,167,User Ratings: 912,2020-09-28,Lovebirds
65%,50%,167,User Ratings: 912,2020-09-29,Lovebirds
65%,50%,167,User Ratings: 912,2020-09-30,Lovebirds
65%,50%,167,User Ratings: 912,2020-10-01,Lovebirds
65%,50%,167,User Ratings: 912,2020-10-02,Lovebirds
65%,50%,167,User Ratings: 912,2020-10-05,Lovebirds
65%,50%,167,User Ratings: 912,2020-10-09,Lovebirds
65%,50%,167,User Ratings: 912,2020-10-11,Lovebirds
65%,50%,167,User Ratings: 912,2020-10-12,Lovebirds
65%,50%,167,User Ratings: 912,2020-10-14,Lovebirds
65%,50%,167,User Ratings: 912,2020-11-01,Lovebirds
65%,50%,167,User Ratings: 912,2020-11-02,Lovebirds
65%,50%,167,User Ratings: 912,2020-11-03,Lovebirds
65%,50%,167,User Ratings: 912,2020-11-06,Lovebirds
65%,50%,167,User Ratings: 912,2020-11-07,Lovebirds
65%,50%,167,User Ratings: 912,2020-11-08,Lovebirds
65%,50%,167,User Ratings: 912,2020-11-10,Lovebirds
65%,50%,167,User Ratings: 912,2020-11-11,Lovebirds
65%,50%,167,User Ratings: 912,2020-11-12,Lovebirds
65%,50%,167,User Ratings: 912,2020-11-13,Lovebirds
65%,50%,167,User Ratings: 912,2020-11-14,Lovebirds
65%,50%,167,User Ratings: 912,2020-11-19,Lovebirds
65%,50%,167,User Ratings: 912,2020-11-20,Lovebirds
65%,50%,167,User Ratings: 912,2020-11-22,Lovebirds
65%,50%,167,User Ratings: 912,2020-11-24,Lovebirds
65%,50%,167,User Ratings: 912,2020-11-26,Lovebirds
65%,50%,167,User Ratings: 912,2020-11-27,Lovebirds
65%,50%,167,User Ratings: 912,2020-11-28,Lovebirds
65%,50%,167,User Ratings: 912,2020-11-29,Lovebirds
65%,50%,167,User Ratings: 912,2020-11-30,Lovebirds
65%,50%,167,User Ratings: 912,2020-12-01,Lovebirds
65%,50%,167,User Ratings: 912,2020-12-03,Lovebirds
65%,50%,167,User Ratings: 912,2020-12-04,Lovebirds
65%,50%,167,User Ratings: 912,2020-12-05,Lovebirds
65%,50%,167,User Ratings: 912,2020-12-06,Lovebirds
65%,50%,167,User Ratings: 912,2020-12-11,Lovebirds
65%,50%,167,User Ratings: 912,2020-12-12,Lovebirds
65%,50%,167,User Ratings: 912,2020-12-13,Lovebirds
65%,50%,167,User Ratings: 912,2020-12-14,Lovebirds
65%,50%,167,User Ratings: 912,2020-12-15,Lovebirds
65%,50%,167,User Ratings: 912,2020-12-18,Lovebirds
65%,50%,167,User Ratings: 912,2020-12-19,Lovebirds
65%,50%,167,User Ratings: 912,2020-12-21,Lovebirds
65%,50%,167,User Ratings: 912,2020-12-22,Lovebirds
65%,50%,167,User Ratings: 912,2020-12-23,Lovebirds
65%,50%,167,User Ratings: 912,2020-12-24,Lovebirds
65%,50%,167,User Ratings: 912,2020-12-25,Lovebirds
65%,50%,167,User Ratings: 912,2020-12-26,Lovebirds
65%,50%,167,User Ratings: 912,2020-12-27,Lovebirds
65%,50%,167,User Ratings: 912,2020-12-28,Lovebirds
65%,50%,167,User Ratings: 912,2020-12-29,Lovebirds
65%,50%,167,User Ratings: 912,2020-12-30,Lovebirds
65%,50%,167,User Ratings: 912,2020-12-31,Lovebirds
65%,50%,167,User Ratings: 912,2021-01-01,Lovebirds
65%,50%,167,User Ratings: 912,2021-01-02,Lovebirds
65%,50%,167,User Ratings: 912,2021-01-03,Lovebirds
65%,50%,167,User Ratings: 912,2021-01-04,Lovebirds
65%,50%,167,User Ratings: 912,2021-01-05,Lovebirds
65%,50%,167,User Ratings: 912,2021-01-06,Lovebirds
65%,50%,167,User Ratings: 912,2021-01-07,Lovebirds
65%,50%,167,User Ratings: 912,2021-01-08,Lovebirds
65%,50%,167,User Ratings: 912,2021-01-09,Lovebirds
65%,50%,167,User Ratings: 912,2021-01-10,Lovebirds
65%,50%,167,User Ratings: 912,2021-01-11,Lovebirds
65%,50%,167,User Ratings: 912,2021-01-12,Lovebirds
65%,50%,167,User Ratings: 912,2021-01-13,Lovebirds
65%,50%,167,User Ratings: 912,2021-01-14,Lovebirds
65%,50%,167,User Ratings: 912,2021-01-15,Lovebirds
65%,50%,167,User Ratings: 912,2021-01-17,Lovebirds
65%,50%,167,User Ratings: 912,2021-01-19,Lovebirds
65%,50%,167,User Ratings: 912,2021-01-20,Lovebirds
65%,50%,167,User Ratings: 912,2021-01-21,Lovebirds
65%,50%,167,User Ratings: 912,2021-01-22,Lovebirds
65%,50%,167,User Ratings: 912,2021-01-23,Lovebirds
65%,50%,167,User Ratings: 912,2021-01-25,Lovebirds
65%,50%,167,User Ratings: 912,2021-01-26,Lovebirds
65%,50%,167,User Ratings: 912,2021-01-27,Lovebirds
65%,50%,167,User Ratings: 912,2021-01-28,Lovebirds
65%,50%,167,User Ratings: 912,2021-01-29,Lovebirds
65%,50%,167,User Ratings: 912,2021-01-30,Lovebirds
65%,50%,167,User Ratings: 912,2021-01-31,Lovebirds
65%,50%,167,User Ratings: 912,2021-02-01,Lovebirds
65%,50%,167,User Ratings: 912,2021-02-02,Lovebirds
65%,50%,167,User Ratings: 912,2021-02-03,Lovebirds
65%,50%,167,User Ratings: 912,2021-02-04,Lovebirds
65%,50%,167,User Ratings: 912,2021-02-05,Lovebirds
55%,69%,91,User Ratings: 651,2020-05-18,Scoob
55%,69%,91,User Ratings: 651,2020-05-19,Scoob
55%,69%,91,User Ratings: 651,2020-05-20,Scoob
55%,69%,91,User Ratings: 651,2020-05-22,Scoob
51%,63%,107,User Ratings: 954,2020-05-23,Scoob
51%,63%,107,User Ratings: 954,2020-05-25,Scoob
51%,63%,107,User Ratings: 954,2020-05-26,Scoob
51%,63%,107,User Ratings: 954,2020-05-27,Scoob
50%,63%,109,User Ratings: 980,2020-05-28,Scoob
50%,63%,109,"User Ratings: 1,005",2020-05-29,Scoob
50%,63%,109,"User Ratings: 1,005",2020-05-30,Scoob
50%,62%,109,"User Ratings: 1,023",2020-05-31,Scoob
50%,62%,109,"User Ratings: 1,023",2020-06-01,Scoob
50%,62%,109,"User Ratings: 1,023",2020-06-02,Scoob
50%,62%,109,"User Ratings: 1,023",2020-06-03,Scoob
50%,62%,109,"User Ratings: 1,023",2020-06-04,Scoob
50%,61%,110,"User Ratings: 1,090",2020-06-05,Scoob
50%,61%,110,"User Ratings: 1,090",2020-06-06,Scoob
50%,61%,110,"User Ratings: 1,090",2020-06-07,Scoob
50%,61%,110,"User Ratings: 1,090",2020-06-08,Scoob
50%,61%,110,"User Ratings: 1,090",2020-06-09,Scoob
50%,61%,110,"User Ratings: 1,090",2020-06-10,Scoob
50%,61%,110,"User Ratings: 1,090",2020-06-11,Scoob
50%,61%,110,"User Ratings: 1,090",2020-06-12,Scoob
50%,61%,110,"User Ratings: 1,090",2020-06-13,Scoob
50%,61%,111,"User Ratings: 1,138",2020-06-14,Scoob
50%,61%,111,"User Ratings: 1,138",2020-06-15,Scoob
50%,61%,111,"User Ratings: 1,138",2020-06-16,Scoob
50%,61%,111,"User Ratings: 1,138",2020-06-17,Scoob
50%,61%,111,"User Ratings: 1,138",2020-06-18,Scoob
50%,61%,111,"User Ratings: 1,138",2020-06-19,Scoob
50%,61%,111,"User Ratings: 1,138",2020-06-20,Scoob
50%,61%,111,"User Ratings: 1,155",2020-06-21,Scoob
50%,61%,111,"User Ratings: 1,155",2020-06-22,Scoob
50%,61%,111,"User Ratings: 1,155",2020-06-23,Scoob
50%,61%,111,"User Ratings: 1,155",2020-06-24,Scoob
50%,61%,111,"User Ratings: 1,155",2020-06-25,Scoob
50%,61%,111,"User Ratings: 1,155",2020-06-26,Scoob
50%,61%,111,"User Ratings: 1,155",2020-06-27,Scoob
50%,61%,111,"User Ratings: 1,155",2020-06-28,Scoob
50%,61%,111,"User Ratings: 1,155",2020-06-29,Scoob
50%,61%,111,"User Ratings: 1,155",2020-06-30,Scoob
50%,61%,111,"User Ratings: 1,155",2020-07-01,Scoob
50%,61%,111,"User Ratings: 1,155",2020-07-03,Scoob
49%,58%,133,"User Ratings: 1,296",2020-07-05,Scoob
49%,58%,133,"User Ratings: 1,296",2020-07-06,Scoob
49%,58%,133,"User Ratings: 1,296",2020-07-07,Scoob
49%,58%,133,"User Ratings: 1,296",2020-07-08,Scoob
49%,58%,133,"User Ratings: 1,296",2020-07-09,Scoob
49%,58%,133,"User Ratings: 1,296",2020-07-10,Scoob
49%,58%,133,"User Ratings: 1,296",2020-07-11,Scoob
49%,58%,133,"User Ratings: 1,296",2020-07-12,Scoob
49%,58%,133,"User Ratings: 1,296",2020-07-14,Scoob
49%,58%,133,"User Ratings: 1,296",2020-07-15,Scoob
49%,58%,133,"User Ratings: 1,296",2020-07-16,Scoob
49%,58%,133,"User Ratings: 1,296",2020-07-17,Scoob
49%,58%,133,"User Ratings: 1,296",2020-07-18,Scoob
49%,58%,133,"User Ratings: 1,296",2020-07-19,Scoob
49%,58%,133,"User Ratings: 1,296",2020-07-20,Scoob
49%,58%,133,"User Ratings: 1,296",2020-07-21,Scoob
49%,58%,133,"User Ratings: 1,296",2020-07-22,Scoob
49%,58%,133,"User Ratings: 1,296",2020-07-23,Scoob
49%,58%,133,"User Ratings: 1,296",2020-07-24,Scoob
49%,58%,133,"User Ratings: 1,296",2020-07-25,Scoob
49%,58%,133,"User Ratings: 1,296",2020-07-26,Scoob
49%,58%,133,"User Ratings: 1,296",2020-07-27,Scoob
49%,58%,133,"User Ratings: 1,296",2020-07-28,Scoob
49%,58%,133,"User Ratings: 1,296",2020-07-29,Scoob
48%,57%,141,"User Ratings: 1,380",2020-07-30,Scoob
48%,57%,141,"User Ratings: 1,380",2020-07-31,Scoob
48%,57%,141,"User Ratings: 1,380",2020-08-01,Scoob
48%,57%,141,"User Ratings: 1,380",2020-08-02,Scoob
48%,57%,141,"User Ratings: 1,380",2020-08-03,Scoob
48%,57%,141,"User Ratings: 1,380",2020-08-04,Scoob
48%,57%,141,"User Ratings: 1,380",2020-08-05,Scoob
48%,57%,141,"User Ratings: 1,380",2020-08-06,Scoob
48%,57%,141,"User Ratings: 1,380",2020-08-07,Scoob
48%,57%,141,"User Ratings: 1,380",2020-08-08,Scoob
48%,57%,141,"User Ratings: 1,380",2020-08-09,Scoob
48%,57%,141,"User Ratings: 1,380",2020-08-11,Scoob
48%,57%,141,"User Ratings: 1,380",2020-08-12,Scoob
48%,57%,141,"User Ratings: 1,380",2020-08-13,Scoob
48%,57%,141,"User Ratings: 1,380",2020-08-14,Scoob
48%,57%,141,"User Ratings: 1,380",2020-08-16,Scoob
48%,57%,141,"User Ratings: 1,380",2020-08-17,Scoob
48%,57%,141,"User Ratings: 1,380",2020-08-18,Scoob
48%,57%,141,"User Ratings: 1,380",2020-08-19,Scoob
48%,57%,141,"User Ratings: 1,380",2020-08-20,Scoob
48%,57%,141,"User Ratings: 1,380",2020-08-21,Scoob
48%,57%,141,"User Ratings: 1,380",2020-08-22,Scoob
48%,57%,141,"User Ratings: 1,380",2020-08-23,Scoob
48%,57%,141,"User Ratings: 1,380",2020-08-24,Scoob
48%,57%,141,"User Ratings: 1,380",2020-08-25,Scoob
48%,57%,141,"User Ratings: 1,380",2020-08-26,Scoob
48%,57%,141,"User Ratings: 1,380",2020-08-27,Scoob
48%,57%,141,"User Ratings: 1,380",2020-08-28,Scoob
48%,57%,141,"User Ratings: 1,380",2020-08-29,Scoob
49%,56%,143,"User Ratings: 1,463",2020-08-30,Scoob
49%,56%,143,"User Ratings: 1,463",2020-08-31,Scoob
49%,56%,143,"User Ratings: 1,463",2020-09-01,Scoob
49%,56%,143,"User Ratings: 1,463",2020-09-02,Scoob
49%,56%,143,"User Ratings: 1,463",2020-09-03,Scoob
49%,56%,143,"User Ratings: 1,463",2020-09-04,Scoob
49%,56%,143,"User Ratings: 1,463",2020-09-05,Scoob
49%,56%,143,"User Ratings: 1,463",2020-09-07,Scoob
49%,56%,143,"User Ratings: 1,463",2020-09-08,Scoob
49%,56%,143,"User Ratings: 1,463",2020-09-09,Scoob
49%,56%,143,"User Ratings: 1,463",2020-09-10,Scoob
49%,56%,143,"User Ratings: 1,463",2020-09-11,Scoob
49%,56%,143,"User Ratings: 1,463",2020-09-12,Scoob
49%,56%,143,"User Ratings: 1,463",2020-09-13,Scoob
49%,56%,143,"User Ratings: 1,463",2020-09-14,Scoob
49%,56%,143,"User Ratings: 1,463",2020-09-15,Scoob
49%,56%,143,"User Ratings: 1,463",2020-09-16,Scoob
49%,56%,143,"User Ratings: 1,463",2020-09-17,Scoob
49%,56%,143,"User Ratings: 1,463",2020-09-18,Scoob
49%,56%,143,"User Ratings: 1,463",2020-09-19,Scoob
49%,56%,143,"User Ratings: 1,463",2020-09-20,Scoob
49%,56%,143,"User Ratings: 1,463",2020-09-21,Scoob
49%,56%,143,"User Ratings: 1,463",2020-09-22,Scoob
49%,56%,143,"User Ratings: 1,463",2020-09-23,Scoob
49%,56%,143,"User Ratings: 1,463",2020-09-24,Scoob
49%,56%,143,"User Ratings: 1,463",2020-09-25,Scoob
49%,56%,143,"User Ratings: 1,463",2020-09-26,Scoob
49%,56%,143,"User Ratings: 1,463",2020-09-27,Scoob
49%,56%,143,"User Ratings: 1,463",2020-09-28,Scoob
49%,56%,143,"User Ratings: 1,463",2020-09-29,Scoob
49%,56%,143,"User Ratings: 1,463",2020-09-30,Scoob
49%,56%,143,"User Ratings: 1,463",2020-10-01,Scoob
49%,56%,143,"User Ratings: 1,463",2020-10-03,Scoob
49%,56%,143,"User Ratings: 1,463",2020-10-04,Scoob
49%,56%,143,"User Ratings: 1,463",2020-10-05,Scoob
49%,56%,143,"User Ratings: 1,463",2020-10-06,Scoob
49%,56%,143,"User Ratings: 1,463",2020-10-07,Scoob
49%,56%,143,"User Ratings: 1,463",2020-10-08,Scoob
49%,56%,143,"User Ratings: 1,463",2020-10-10,Scoob
49%,56%,143,"User Ratings: 1,463",2020-10-11,Scoob
49%,56%,143,"User Ratings: 1,463",2020-10-12,Scoob
49%,56%,143,"User Ratings: 1,463",2020-10-13,Scoob
49%,56%,143,"User Ratings: 1,463",2020-10-14,Scoob
48%,55%,145,"User Ratings: 1,549",2020-10-15,Scoob
48%,55%,145,"User Ratings: 1,549",2020-10-16,Scoob
48%,55%,145,"User Ratings: 1,549",2020-10-17,Scoob
48%,55%,145,"User Ratings: 1,549",2020-10-18,Scoob
48%,55%,145,"User Ratings: 1,549",2020-10-19,Scoob
48%,55%,145,"User Ratings: 1,549",2020-10-20,Scoob
48%,55%,145,"User Ratings: 1,549",2020-10-21,Scoob
48%,55%,145,"User Ratings: 1,549",2020-10-22,Scoob
48%,55%,145,"User Ratings: 1,549",2020-10-23,Scoob
48%,55%,145,"User Ratings: 1,549",2020-10-24,Scoob
48%,55%,145,"User Ratings: 1,549",2020-10-25,Scoob
48%,55%,145,"User Ratings: 1,549",2020-10-26,Scoob
48%,55%,145,"User Ratings: 1,549",2020-10-27,Scoob
48%,55%,145,"User Ratings: 1,549",2020-10-28,Scoob
48%,55%,145,"User Ratings: 1,549",2020-10-29,Scoob
48%,55%,145,"User Ratings: 1,549",2020-10-30,Scoob
48%,55%,145,"User Ratings: 1,549",2020-10-31,Scoob
48%,55%,145,"User Ratings: 1,549",2020-11-01,Scoob
48%,55%,145,"User Ratings: 1,549",2020-11-02,Scoob
48%,55%,145,"User Ratings: 1,549",2020-11-03,Scoob
48%,55%,145,"User Ratings: 1,549",2020-11-05,Scoob
48%,55%,145,"User Ratings: 1,549",2020-11-06,Scoob
48%,55%,145,"User Ratings: 1,549",2020-11-07,Scoob
48%,55%,145,"User Ratings: 1,549",2020-11-08,Scoob
48%,55%,145,"User Ratings: 1,549",2020-11-09,Scoob
48%,55%,145,"User Ratings: 1,549",2020-11-10,Scoob
48%,55%,145,"User Ratings: 1,549",2020-11-11,Scoob
48%,55%,145,"User Ratings: 1,549",2020-11-12,Scoob
48%,55%,145,"User Ratings: 1,549",2020-11-13,Scoob
48%,55%,145,"User Ratings: 1,549",2020-11-14,Scoob
48%,55%,145,"User Ratings: 1,555",2020-11-16,Scoob
48%,55%,145,"User Ratings: 1,555",2020-11-17,Scoob
48%,55%,145,"User Ratings: 1,555",2020-11-18,Scoob
48%,55%,145,"User Ratings: 1,555",2020-11-19,Scoob
48%,55%,145,"User Ratings: 1,555",2020-11-20,Scoob
48%,55%,145,"User Ratings: 1,555",2020-11-21,Scoob
48%,55%,145,"User Ratings: 1,555",2020-11-22,Scoob
48%,55%,145,"User Ratings: 1,555",2020-11-23,Scoob
48%,55%,145,"User Ratings: 1,555",2020-11-24,Scoob
48%,55%,145,"User Ratings: 1,555",2020-11-25,Scoob
48%,55%,145,"User Ratings: 1,555",2020-11-26,Scoob
48%,55%,145,"User Ratings: 1,555",2020-11-27,Scoob
48%,55%,145,"User Ratings: 1,555",2020-11-28,Scoob
48%,55%,145,"User Ratings: 1,555",2020-11-29,Scoob
48%,55%,145,"User Ratings: 1,555",2020-11-30,Scoob
48%,55%,145,"User Ratings: 1,555",2020-12-01,Scoob
48%,55%,145,"User Ratings: 1,555",2020-12-04,Scoob
48%,55%,145,"User Ratings: 1,555",2020-12-05,Scoob
48%,55%,146,"User Ratings: 1,595",2020-12-06,Scoob
48%,55%,146,"User Ratings: 1,595",2020-12-07,Scoob
48%,55%,146,"User Ratings: 1,595",2020-12-08,Scoob
48%,55%,146,"User Ratings: 1,595",2020-12-10,Scoob
48%,55%,146,"User Ratings: 1,595",2020-12-11,Scoob
48%,55%,146,"User Ratings: 1,595",2020-12-13,Scoob
48%,55%,146,"User Ratings: 1,595",2020-12-14,Scoob
48%,55%,146,"User Ratings: 1,595",2020-12-15,Scoob
48%,55%,146,"User Ratings: 1,595",2020-12-16,Scoob
48%,55%,146,"User Ratings: 1,595",2020-12-17,Scoob
48%,55%,146,"User Ratings: 1,595",2020-12-18,Scoob
48%,55%,146,"User Ratings: 1,595",2020-12-19,Scoob
48%,55%,146,"User Ratings: 1,595",2020-12-20,Scoob
48%,55%,146,"User Ratings: 1,595",2020-12-21,Scoob
48%,55%,146,"User Ratings: 1,595",2020-12-22,Scoob
48%,55%,146,"User Ratings: 1,595",2020-12-23,Scoob
48%,55%,146,"User Ratings: 1,595",2020-12-24,Scoob
48%,55%,146,"User Ratings: 1,595",2020-12-25,Scoob
48%,55%,146,"User Ratings: 1,595",2020-12-26,Scoob
48%,55%,146,"User Ratings: 1,595",2020-12-27,Scoob
48%,55%,146,"User Ratings: 1,595",2020-12-28,Scoob
48%,55%,146,"User Ratings: 1,595",2020-12-29,Scoob
48%,55%,146,"User Ratings: 1,595",2020-12-30,Scoob
48%,55%,146,"User Ratings: 1,595",2020-12-31,Scoob
48%,55%,146,"User Ratings: 1,595",2021-01-01,Scoob
48%,55%,146,"User Ratings: 1,595",2021-01-02,Scoob
48%,55%,146,"User Ratings: 1,595",2021-01-03,Scoob
48%,55%,146,"User Ratings: 1,595",2021-01-04,Scoob
48%,55%,146,"User Ratings: 1,595",2021-01-05,Scoob
48%,55%,146,"User Ratings: 1,595",2021-01-06,Scoob
48%,55%,146,"User Ratings: 1,595",2021-01-07,Scoob
48%,55%,146,"User Ratings: 1,595",2021-01-08,Scoob
48%,55%,146,"User Ratings: 1,595",2021-01-09,Scoob
48%,55%,146,"User Ratings: 1,595",2021-01-10,Scoob
48%,55%,146,"User Ratings: 1,595",2021-01-11,Scoob
48%,55%,146,"User Ratings: 1,595",2021-01-12,Scoob
48%,55%,146,"User Ratings: 1,595",2021-01-13,Scoob
48%,55%,146,"User Ratings: 1,595",2021-01-14,Scoob
48%,55%,146,"User Ratings: 1,595",2021-01-15,Scoob
48%,55%,146,"User Ratings: 1,595",2021-01-16,Scoob
48%,55%,146,"User Ratings: 1,595",2021-01-17,Scoob
48%,55%,146,"User Ratings: 1,595",2021-01-18,Scoob
48%,55%,146,"User Ratings: 1,595",2021-01-19,Scoob
48%,55%,146,"User Ratings: 1,595",2021-01-20,Scoob
48%,55%,146,"User Ratings: 1,595",2021-01-21,Scoob
48%,55%,146,"User Ratings: 1,595",2021-01-22,Scoob
48%,55%,146,"User Ratings: 1,595",2021-01-23,Scoob
48%,55%,146,"User Ratings: 1,595",2021-01-24,Scoob
48%,55%,146,"User Ratings: 1,595",2021-01-25,Scoob
48%,55%,146,"User Ratings: 1,595",2021-01-26,Scoob
48%,55%,146,"User Ratings: 1,595",2021-01-28,Scoob
48%,55%,146,"User Ratings: 1,595",2021-01-29,Scoob
48%,55%,146,"User Ratings: 1,595",2021-01-30,Scoob
48%,55%,146,"User Ratings: 1,595",2021-01-31,Scoob
48%,55%,146,"User Ratings: 1,595",2021-02-01,Scoob
48%,55%,146,"User Ratings: 1,595",2021-02-02,Scoob
48%,55%,146,"User Ratings: 1,595",2021-02-03,Scoob
48%,55%,146,"User Ratings: 1,595",2021-02-04,Scoob
48%,55%,146,"User Ratings: 1,595",2021-02-05,Scoob
10%,21%,101,User Ratings: 594,2020-06-13,Artemis Fowl
10%,22%,102,User Ratings: 768,2020-06-14,Artemis Fowl
10%,22%,102,User Ratings: 768,2020-06-15,Artemis Fowl
10%,22%,102,User Ratings: 768,2020-06-16,Artemis Fowl
10%,22%,102,User Ratings: 768,2020-06-17,Artemis Fowl
10%,22%,102,User Ratings: 768,2020-06-18,Artemis Fowl
10%,22%,102,User Ratings: 768,2020-06-20,Artemis Fowl
10%,22%,102,User Ratings: 768,2020-06-21,Artemis Fowl
10%,22%,102,User Ratings: 768,2020-06-22,Artemis Fowl
10%,22%,102,User Ratings: 768,2020-06-23,Artemis Fowl
10%,22%,102,User Ratings: 768,2020-06-24,Artemis Fowl
10%,22%,102,User Ratings: 768,2020-06-26,Artemis Fowl
10%,22%,102,User Ratings: 768,2020-06-27,Artemis Fowl
10%,22%,102,User Ratings: 768,2020-06-28,Artemis Fowl
10%,22%,102,User Ratings: 768,2020-06-30,Artemis Fowl
10%,22%,102,User Ratings: 768,2020-07-01,Artemis Fowl
10%,22%,102,User Ratings: 768,2020-07-02,Artemis Fowl
10%,22%,102,User Ratings: 768,2020-07-03,Artemis Fowl
10%,22%,102,User Ratings: 768,2020-07-04,Artemis Fowl
10%,22%,102,User Ratings: 768,2020-07-05,Artemis Fowl
10%,22%,102,User Ratings: 768,2020-07-06,Artemis Fowl
10%,22%,102,User Ratings: 768,2020-07-07,Artemis Fowl
10%,22%,102,User Ratings: 768,2020-07-08,Artemis Fowl
10%,22%,102,User Ratings: 768,2020-07-09,Artemis Fowl
10%,22%,102,User Ratings: 768,2020-07-10,Artemis Fowl
10%,22%,102,User Ratings: 768,2020-07-11,Artemis Fowl
10%,22%,102,User Ratings: 768,2020-07-12,Artemis Fowl
10%,22%,102,User Ratings: 768,2020-07-13,Artemis Fowl
10%,22%,102,User Ratings: 768,2020-07-14,Artemis Fowl
10%,22%,102,User Ratings: 768,2020-07-15,Artemis Fowl
10%,22%,102,User Ratings: 768,2020-07-16,Artemis Fowl
10%,22%,102,User Ratings: 768,2020-07-17,Artemis Fowl
9%,20%,161,"User Ratings: 2,162",2020-07-18,Artemis Fowl
9%,20%,161,"User Ratings: 2,162",2020-07-19,Artemis Fowl
9%,20%,161,"User Ratings: 2,162",2020-07-20,Artemis Fowl
9%,20%,161,"User Ratings: 2,162",2020-07-21,Artemis Fowl
9%,20%,161,"User Ratings: 2,162",2020-07-22,Artemis Fowl
9%,20%,161,"User Ratings: 2,162",2020-07-23,Artemis Fowl
9%,20%,161,"User Ratings: 2,162",2020-07-24,Artemis Fowl
9%,20%,161,"User Ratings: 2,162",2020-07-25,Artemis Fowl
9%,20%,161,"User Ratings: 2,162",2020-07-26,Artemis Fowl
9%,20%,161,"User Ratings: 2,162",2020-07-27,Artemis Fowl
9%,20%,161,"User Ratings: 2,162",2020-07-28,Artemis Fowl
9%,20%,161,"User Ratings: 2,162",2020-07-29,Artemis Fowl
9%,20%,161,"User Ratings: 2,162",2020-07-30,Artemis Fowl
9%,20%,161,"User Ratings: 2,162",2020-07-31,Artemis Fowl
9%,20%,161,"User Ratings: 2,162",2020-08-01,Artemis Fowl
9%,20%,161,"User Ratings: 2,162",2020-08-02,Artemis Fowl
9%,20%,161,"User Ratings: 2,162",2020-08-04,Artemis Fowl
9%,20%,161,"User Ratings: 2,162",2020-08-05,Artemis Fowl
9%,20%,161,"User Ratings: 2,162",2020-08-06,Artemis Fowl
9%,20%,161,"User Ratings: 2,162",2020-08-07,Artemis Fowl
9%,20%,161,"User Ratings: 2,162",2020-08-08,Artemis Fowl
9%,20%,161,"User Ratings: 2,162",2020-08-09,Artemis Fowl
9%,20%,161,"User Ratings: 2,162",2020-08-10,Artemis Fowl
9%,20%,161,"User Ratings: 2,162",2020-08-11,Artemis Fowl
9%,20%,161,"User Ratings: 2,162",2020-08-12,Artemis Fowl
9%,20%,161,"User Ratings: 2,162",2020-08-13,Artemis Fowl
9%,20%,161,"User Ratings: 2,162",2020-08-14,Artemis Fowl
9%,20%,161,"User Ratings: 2,162",2020-08-15,Artemis Fowl
9%,20%,161,"User Ratings: 2,162",2020-08-16,Artemis Fowl
9%,20%,161,"User Ratings: 2,162",2020-08-17,Artemis Fowl
9%,20%,161,"User Ratings: 2,162",2020-08-18,Artemis Fowl
9%,20%,161,"User Ratings: 2,162",2020-08-19,Artemis Fowl
9%,20%,161,"User Ratings: 2,162",2020-08-20,Artemis Fowl
9%,20%,161,"User Ratings: 2,162",2020-08-21,Artemis Fowl
9%,20%,161,"User Ratings: 2,162",2020-08-22,Artemis Fowl
9%,20%,161,"User Ratings: 2,162",2020-08-23,Artemis Fowl
9%,20%,161,"User Ratings: 2,162",2020-08-24,Artemis Fowl
9%,20%,161,"User Ratings: 2,162",2020-08-25,Artemis Fowl
9%,20%,161,"User Ratings: 2,162",2020-08-26,Artemis Fowl
9%,20%,161,"User Ratings: 2,162",2020-08-27,Artemis Fowl
9%,20%,161,"User Ratings: 2,162",2020-08-28,Artemis Fowl
9%,20%,161,"User Ratings: 2,162",2020-08-29,Artemis Fowl
9%,20%,161,"User Ratings: 2,162",2020-08-30,Artemis Fowl
9%,20%,161,"User Ratings: 2,162",2020-08-31,Artemis Fowl
9%,20%,161,"User Ratings: 2,162",2020-09-01,Artemis Fowl
9%,20%,161,"User Ratings: 2,162",2020-09-02,Artemis Fowl
9%,20%,161,"User Ratings: 2,162",2020-09-03,Artemis Fowl
9%,20%,161,"User Ratings: 2,162",2020-09-04,Artemis Fowl
9%,20%,161,"User Ratings: 2,162",2020-09-05,Artemis Fowl
9%,20%,161,"User Ratings: 2,162",2020-09-06,Artemis Fowl
9%,20%,161,"User Ratings: 2,162",2020-09-07,Artemis Fowl
9%,20%,161,"User Ratings: 2,162",2020-09-08,Artemis Fowl
9%,20%,161,"User Ratings: 2,162",2020-09-09,Artemis Fowl
9%,20%,161,"User Ratings: 2,162",2020-09-10,Artemis Fowl
9%,20%,161,"User Ratings: 2,162",2020-09-11,Artemis Fowl
9%,20%,161,"User Ratings: 2,162",2020-09-12,Artemis Fowl
9%,20%,161,"User Ratings: 2,162",2020-09-13,Artemis Fowl
9%,20%,161,"User Ratings: 2,162",2020-09-14,Artemis Fowl
9%,20%,161,"User Ratings: 2,162",2020-09-15,Artemis Fowl
9%,20%,161,"User Ratings: 2,162",2020-09-16,Artemis Fowl
9%,20%,161,"User Ratings: 2,162",2020-09-17,Artemis Fowl
9%,20%,161,"User Ratings: 2,162",2020-09-18,Artemis Fowl
9%,20%,161,"User Ratings: 2,162",2020-09-19,Artemis Fowl
9%,20%,161,"User Ratings: 2,162",2020-09-20,Artemis Fowl
9%,20%,161,"User Ratings: 2,162",2020-09-21,Artemis Fowl
9%,20%,161,"User Ratings: 2,162",2020-09-22,Artemis Fowl
9%,20%,161,"User Ratings: 2,162",2020-09-23,Artemis Fowl
9%,20%,161,"User Ratings: 2,162",2020-09-24,Artemis Fowl
9%,19%,164,"User Ratings: 2,263",2020-09-25,Artemis Fowl
9%,19%,164,"User Ratings: 2,263",2020-09-26,Artemis Fowl
9%,19%,164,"User Ratings: 2,263",2020-09-27,Artemis Fowl
9%,19%,164,"User Ratings: 2,263",2020-09-28,Artemis Fowl
9%,19%,164,"User Ratings: 2,263",2020-09-30,Artemis Fowl
9%,19%,164,"User Ratings: 2,263",2020-10-01,Artemis Fowl
9%,19%,164,"User Ratings: 2,263",2020-10-02,Artemis Fowl
9%,19%,164,"User Ratings: 2,263",2020-10-03,Artemis Fowl
9%,19%,164,"User Ratings: 2,263",2020-10-04,Artemis Fowl
9%,19%,164,"User Ratings: 2,263",2020-10-05,Artemis Fowl
9%,19%,164,"User Ratings: 2,263",2020-10-06,Artemis Fowl
9%,19%,164,"User Ratings: 2,263",2020-10-07,Artemis Fowl
9%,19%,164,"User Ratings: 2,263",2020-10-08,Artemis Fowl
9%,19%,164,"User Ratings: 2,263",2020-10-09,Artemis Fowl
9%,19%,164,"User Ratings: 2,263",2020-10-10,Artemis Fowl
9%,19%,164,"User Ratings: 2,263",2020-10-11,Artemis Fowl
9%,19%,164,"User Ratings: 2,263",2020-10-12,Artemis Fowl
9%,19%,164,"User Ratings: 2,263",2020-10-13,Artemis Fowl
9%,19%,164,"User Ratings: 2,263",2020-10-14,Artemis Fowl
9%,19%,164,"User Ratings: 2,263",2020-10-15,Artemis Fowl
9%,19%,164,"User Ratings: 2,263",2020-10-16,Artemis Fowl
9%,19%,164,"User Ratings: 2,263",2020-10-17,Artemis Fowl
9%,19%,164,"User Ratings: 2,263",2020-10-18,Artemis Fowl
9%,19%,164,"User Ratings: 2,263",2020-10-19,Artemis Fowl
9%,19%,164,"User Ratings: 2,263",2020-10-20,Artemis Fowl
9%,19%,164,"User Ratings: 2,263",2020-10-21,Artemis Fowl
9%,19%,164,"User Ratings: 2,263",2020-10-22,Artemis Fowl
9%,19%,164,"User Ratings: 2,263",2020-10-23,Artemis Fowl
9%,19%,164,"User Ratings: 2,263",2020-10-25,Artemis Fowl
9%,19%,164,"User Ratings: 2,263",2020-10-26,Artemis Fowl
9%,19%,164,"User Ratings: 2,263",2020-10-27,Artemis Fowl
9%,19%,164,"User Ratings: 2,263",2020-10-28,Artemis Fowl
9%,19%,164,"User Ratings: 2,263",2020-10-30,Artemis Fowl
9%,19%,164,"User Ratings: 2,263",2020-10-31,Artemis Fowl
9%,19%,164,"User Ratings: 2,263",2020-11-01,Artemis Fowl
9%,19%,164,"User Ratings: 2,263",2020-11-02,Artemis Fowl
9%,19%,164,"User Ratings: 2,263",2020-11-03,Artemis Fowl
9%,19%,164,"User Ratings: 2,263",2020-11-04,Artemis Fowl
9%,19%,164,"User Ratings: 2,263",2020-11-05,Artemis Fowl
9%,19%,164,"User Ratings: 2,263",2020-11-06,Artemis Fowl
9%,19%,164,"User Ratings: 2,263",2020-11-07,Artemis Fowl
9%,19%,164,"User Ratings: 2,263",2020-11-08,Artemis Fowl
9%,19%,164,"User Ratings: 2,263",2020-11-09,Artemis Fowl
9%,19%,164,"User Ratings: 2,263",2020-11-10,Artemis Fowl
9%,19%,164,"User Ratings: 2,263",2020-11-11,Artemis Fowl
9%,19%,164,"User Ratings: 2,263",2020-11-12,Artemis Fowl
9%,19%,164,"User Ratings: 2,263",2020-11-13,Artemis Fowl
9%,19%,164,"User Ratings: 2,263",2020-11-14,Artemis Fowl
9%,19%,164,"User Ratings: 2,263",2020-11-15,Artemis Fowl
9%,19%,164,"User Ratings: 2,263",2020-11-16,Artemis Fowl
9%,19%,164,"User Ratings: 2,263",2020-11-18,Artemis Fowl
9%,19%,164,"User Ratings: 2,263",2020-11-19,Artemis Fowl
9%,19%,164,"User Ratings: 2,263",2020-11-20,Artemis Fowl
9%,19%,164,"User Ratings: 2,263",2020-11-21,Artemis Fowl
9%,19%,164,"User Ratings: 2,263",2020-11-22,Artemis Fowl
9%,19%,164,"User Ratings: 2,263",2020-11-23,Artemis Fowl
9%,19%,164,"User Ratings: 2,263",2020-11-24,Artemis Fowl
9%,19%,164,"User Ratings: 2,263",2020-11-25,Artemis Fowl
9%,19%,164,"User Ratings: 2,263",2020-11-26,Artemis Fowl
9%,19%,164,"User Ratings: 2,263",2020-11-27,Artemis Fowl
9%,19%,164,"User Ratings: 2,263",2020-11-28,Artemis Fowl
9%,19%,164,"User Ratings: 2,263",2020-11-29,Artemis Fowl
9%,19%,164,"User Ratings: 2,263",2020-11-30,Artemis Fowl
9%,19%,164,"User Ratings: 2,263",2020-12-01,Artemis Fowl
9%,19%,164,"User Ratings: 2,263",2020-12-02,Artemis Fowl
9%,19%,164,"User Ratings: 2,263",2020-12-03,Artemis Fowl
9%,19%,164,"User Ratings: 2,263",2020-12-04,Artemis Fowl
9%,19%,164,"User Ratings: 2,263",2020-12-05,Artemis Fowl
9%,19%,164,"User Ratings: 2,263",2020-12-06,Artemis Fowl
9%,19%,164,"User Ratings: 2,263",2020-12-07,Artemis Fowl
9%,19%,164,"User Ratings: 2,263",2020-12-08,Artemis Fowl
9%,19%,164,"User Ratings: 2,263",2020-12-09,Artemis Fowl
9%,19%,164,"User Ratings: 2,263",2020-12-10,Artemis Fowl
8%,19%,167,"User Ratings: 2,331",2020-12-11,Artemis Fowl
8%,19%,167,"User Ratings: 2,331",2020-12-12,Artemis Fowl
8%,19%,167,"User Ratings: 2,331",2020-12-13,Artemis Fowl
8%,19%,167,"User Ratings: 2,331",2020-12-14,Artemis Fowl
8%,19%,167,"User Ratings: 2,331",2020-12-15,Artemis Fowl
8%,19%,167,"User Ratings: 2,331",2020-12-16,Artemis Fowl
8%,19%,167,"User Ratings: 2,331",2020-12-17,Artemis Fowl
8%,19%,167,"User Ratings: 2,331",2020-12-18,Artemis Fowl
8%,19%,167,"User Ratings: 2,331",2020-12-19,Artemis Fowl
8%,19%,167,"User Ratings: 2,331",2020-12-20,Artemis Fowl
8%,19%,167,"User Ratings: 2,331",2020-12-21,Artemis Fowl
8%,19%,167,"User Ratings: 2,331",2020-12-22,Artemis Fowl
8%,19%,167,"User Ratings: 2,331",2020-12-23,Artemis Fowl
8%,19%,167,"User Ratings: 2,331",2020-12-24,Artemis Fowl
8%,19%,167,"User Ratings: 2,331",2020-12-25,Artemis Fowl
8%,19%,167,"User Ratings: 2,331",2020-12-26,Artemis Fowl
8%,19%,167,"User Ratings: 2,331",2020-12-27,Artemis Fowl
8%,19%,167,"User Ratings: 2,331",2020-12-28,Artemis Fowl
8%,19%,167,"User Ratings: 2,331",2020-12-29,Artemis Fowl
8%,19%,167,"User Ratings: 2,331",2020-12-30,Artemis Fowl
8%,19%,167,"User Ratings: 2,331",2020-12-31,Artemis Fowl
8%,19%,167,"User Ratings: 2,331",2021-01-01,Artemis Fowl
8%,19%,167,"User Ratings: 2,331",2021-01-02,Artemis Fowl
8%,19%,167,"User Ratings: 2,331",2021-01-03,Artemis Fowl
8%,19%,167,"User Ratings: 2,331",2021-01-04,Artemis Fowl
8%,19%,167,"User Ratings: 2,331",2021-01-05,Artemis Fowl
8%,19%,167,"User Ratings: 2,331",2021-01-06,Artemis Fowl
8%,19%,167,"User Ratings: 2,331",2021-01-07,Artemis Fowl
8%,19%,167,"User Ratings: 2,331",2021-01-08,Artemis Fowl
8%,19%,167,"User Ratings: 2,331",2021-01-09,Artemis Fowl
8%,19%,167,"User Ratings: 2,331",2021-01-10,Artemis Fowl
8%,19%,167,"User Ratings: 2,331",2021-01-11,Artemis Fowl
8%,19%,167,"User Ratings: 2,331",2021-01-12,Artemis Fowl
8%,19%,167,"User Ratings: 2,331",2021-01-13,Artemis Fowl
8%,19%,167,"User Ratings: 2,331",2021-01-14,Artemis Fowl
8%,19%,167,"User Ratings: 2,331",2021-01-15,Artemis Fowl
8%,19%,167,"User Ratings: 2,331",2021-01-16,Artemis Fowl
8%,19%,167,"User Ratings: 2,331",2021-01-17,Artemis Fowl
8%,19%,167,"User Ratings: 2,331",2021-01-18,Artemis Fowl
8%,19%,167,"User Ratings: 2,331",2021-01-19,Artemis Fowl
8%,19%,167,"User Ratings: 2,331",2021-01-20,Artemis Fowl
8%,19%,167,"User Ratings: 2,331",2021-01-22,Artemis Fowl
8%,19%,167,"User Ratings: 2,331",2021-01-23,Artemis Fowl
8%,19%,167,"User Ratings: 2,331",2021-01-24,Artemis Fowl
8%,19%,167,"User Ratings: 2,331",2021-01-25,Artemis Fowl
8%,19%,167,"User Ratings: 2,331",2021-01-26,Artemis Fowl
8%,19%,167,"User Ratings: 2,331",2021-01-27,Artemis Fowl
8%,19%,167,"User Ratings: 2,331",2021-01-28,Artemis Fowl
8%,19%,167,"User Ratings: 2,331",2021-01-30,Artemis Fowl
8%,19%,167,"User Ratings: 2,331",2021-01-31,Artemis Fowl
8%,19%,167,"User Ratings: 2,331",2021-02-01,Artemis Fowl
8%,19%,167,"User Ratings: 2,331",2021-02-02,Artemis Fowl
8%,19%,167,"User Ratings: 2,331",2021-02-03,Artemis Fowl
8%,19%,167,"User Ratings: 2,331",2021-02-05,Artemis Fowl
